id,name,host_id,host_name,neighbourhood_group,neighbourhood,latitude,longitude,room_type,price,minimum_nights,number_of_reviews,last_review,reviews_per_month,calculated_host_listings_count,availability_365
44077,cosy comfortable Irish cottage twin,193005,Teresa,Dublin,Dn Laoghaire-Rathdown,53.28995,-6.25813,Private room,50,3,227,2020-03-06,1.91,3,0
68483,Unique Central Dublin River-view,339817,John,Dublin,Dublin City,53.34501,-6.26552,Entire home/apt,92,3,103,2019-08-12,0.87,1,43
85148,Habitación en Dublín Double room,466111,Don,Dublin,South Dublin,53.3011,-6.31992,Private room,30,1,1,2019-05-11,0.05,1,348
85156,Cosy Comfortable Irish Cottage  1 Double Bed,193005,Teresa,Dublin,Dn Laoghaire-Rathdown,53.29178,-6.25618,Private room,51,3,182,2020-03-09,1.56,3,114
121030,Comfy double room in central area 1,608225,Norah,Dublin,Dublin City,53.33648,-6.22075,Private room,55,2,110,2019-03-19,0.95,3,0
159889,Friendly Single Room,766611,Margaret,Dublin,Dublin City,53.39027,-6.23547,Private room,38,2,311,2020-02-09,2.92,3,261
162809,5.5 miles south of Dublin City :^),777681,Robbie,Dublin,Dn Laoghaire-Rathdown,53.28326,-6.19188,Private room,70,1,289,2020-03-19,4.28,2,0
165828,Pádraig Pearse apt. Kilmainham,790601,Grainne,Dublin,Dublin City,53.33744,-6.32363,Entire home/apt,100,5,43,2019-10-22,0.39,5,349
165829,"The ""Michael Collins"" apartment",790601,Grainne,Dublin,Dublin City,53.33744,-6.32363,Entire home/apt,100,7,54,2020-11-02,0.5,5,307
178860,Georgian House in Heart of City Ctr,856312,Danielle,Dublin,Dublin City,53.33282,-6.26821,Private room,80,2,312,2020-03-14,3.09,2,88
181823,comfy room near beach/town2,608225,Norah,Dublin,Dublin City,53.3365,-6.22066,Private room,75,2,50,2020-03-14,3.2,3,365
200979,"""The Lodge, Dalkey Avenue .""",982970,Paul,Dublin,Dn Laoghaire-Rathdown,53.2742,-6.10917,Entire home/apt,160,2,110,2020-10-25,3.4,1,0
237465,Cozy 1 bed apt 10 mins to airport. total privacy,1245198,Amanda,Dublin,Dublin City,53.39558,-6.17524,Entire home/apt,55,1,279,2020-11-29,2.55,3,236
245893,Double warm cosy bedroom in Lucan,1289720,Sheila,Dublin,South Dublin,53.34471,-6.41602,Private room,45,30,16,2016-08-29,0.15,2,213
245903,Single cosy bedroom in Lucan.,1289720,Sheila,Dublin,South Dublin,53.34636,-6.41734,Private room,30,1,38,2020-09-30,0.38,2,285
246560,Portobello Retreat,435734,Conor,Dublin,Dublin City,53.33001,-6.27186,Private room,75,5,79,2020-01-15,0.79,2,45
261248,Ensuite Rooms,1370323,Brian And Phyllis,Dublin,Dn Laoghaire-Rathdown,53.28467,-6.12436,Private room,37,1,212,2020-03-10,1.92,2,349
266654,small & cosy room for short stays,1398274,Joanne,Dublin,Dublin City,53.3915,-6.29314,Private room,30,2,62,2020-06-03,0.62,1,17
266856,Award Winning Bed & Breakfast...Rm1,1370323,Brian And Phyllis,Dublin,Dn Laoghaire-Rathdown,53.28502,-6.12365,Private room,37,1,135,2020-03-18,1.43,2,349
275425,Luxury family home with all amenities (6 persons),1357428,Emma And Chris,Dublin,Dublin City,53.3267,-6.20921,Entire home/apt,248,3,8,2020-01-11,0.08,1,0
286635,Almanii B&B 2 - Dublin Airport/City,1491424,Mary,Dublin,Dublin City,53.38834,-6.2451,Private room,61,3,24,2017-03-19,0.22,4,200
292757,Old World Converted Stableyard with Swimming Pool,1515549,Sarah,Dublin,Fingal,53.36958,-6.34959,Entire home/apt,121,1,332,2020-07-26,3.29,1,0
302554,Peaceful retreat for 5 - excellent location,1557844,Liam And Fiona,Dublin,Dublin City,53.35681,-6.29094,Entire home/apt,129,2,55,2019-09-25,0.51,8,277
302634,Studio sleeps 2 city ctr 10 mins - Molly Malone,1557844,Liam And Fiona,Dublin,Dublin City,53.35681,-6.29094,Entire home/apt,68,2,83,2020-09-01,0.77,8,299
314639,Almanii B&B 4 - Dublin Airport/City,1491424,Mary,Dublin,Dublin City,53.38646,-6.24545,Private room,61,3,10,2014-03-09,0.1,4,351
314640,Almanii B&B 1 - Dublin Airport/City,1491424,Mary,Dublin,Dublin City,53.38731,-6.24458,Private room,61,3,11,2015-09-17,0.11,4,200
314641,Almanii B&B 3 - Dublin Airport/City,1491424,Mary,Dublin,Dublin City,53.38811,-6.24475,Private room,61,3,6,2014-04-10,0.06,4,200
315698,"City Penthouse, Own Balcony, Shower",1625811,Tracey,Dublin,Dublin City,53.3398,-6.2266,Private room,69,5,240,2020-10-16,2.32,1,0
365854,Boutique Cosy Centre Apartment,1847391,Diane,Dublin,Dublin City,53.35305,-6.25708,Entire home/apt,61,2,182,2019-11-25,1.71,1,0
374792,"'Grace Gifford' cottage, Kilmainham",790601,Grainne,Dublin,Dublin City,53.33744,-6.32363,Entire home/apt,100,5,28,2019-06-30,0.27,5,182
386860,"Stylish Canal Side Cottage, Portobello Dublin",1935798,Sinead,Dublin,Dublin City,53.33759,-6.2746,Entire home/apt,164,1,92,2019-12-13,0.9,2,0
393631,Dublin - more than meets the eye!,1968168,Mick & Dee,Dublin,Dublin City,53.35796,-6.24145,Entire home/apt,180,3,72,2017-03-19,0.71,1,0
419987,Stunning Victorian apartment slps 6 - James Joyce,1557844,Liam And Fiona,Dublin,Dublin City,53.35682,-6.29132,Entire home/apt,139,2,101,2020-12-12,1.02,8,263
420297,COZY Comfortable Irish Cottage twin room,193005,Teresa,Dublin,Dn Laoghaire-Rathdown,53.2907,-6.25763,Private room,50,3,209,2020-03-08,2.01,3,122
424596,Very Special Oval Georgian Studio,2110301,Karin,Dublin,Dublin City,53.35572,-6.25803,Entire home/apt,113,2,434,2020-08-26,4.19,5,173
425164,LOCATION LOCATION IN DUBLIN ROOM 1,2106659,Hans,Dublin,Dublin City,53.33432,-6.26739,Private room,110,2,241,2020-03-09,2.32,1,90
426326,Large Room With Double & Single Bed,766611,Margaret,Dublin,Dublin City,53.39027,-6.23547,Private room,42,2,239,2020-03-01,2.31,3,0
427077,Unique Oval Georgian Studio Gr. Fl.,2110301,Karin,Dublin,Dublin City,53.35572,-6.25803,Entire home/apt,117,2,439,2020-03-15,4.18,5,180
427495,Lovely Double Room in the Attic,766611,Margaret,Dublin,Dublin City,53.39027,-6.23547,Private room,42,2,163,2020-03-08,1.61,3,351
449556,Cloghranguesthouse Quad Room,2232368,Matt,Dublin,Fingal,53.42654,-6.22952,Private room,145,1,215,2020-03-15,2.39,3,363
460461,"Horse riding, Golf, Gym & leisure.",2289306,Maria,Dublin,Fingal,53.40507,-6.25185,Entire home/apt,200,7,4,2013-06-24,0.04,1,365
468082,"A little bit of country in the city, Fairy House",2115318,Siobhan,Dublin,South Dublin,53.35349,-6.45184,Private room,70,1,203,2020-06-05,2.01,2,336
497136,Spacious Double Room near beach 3,608225,Norah,Dublin,Dublin City,53.33765,-6.21984,Private room,55,2,113,2019-07-26,1.12,3,318
522667,"Interesting, Spacious Georgian Flat",2110301,Karin,Dublin,Dublin City,53.35572,-6.25801,Entire home/apt,113,2,370,2020-10-24,3.58,5,55
526767,Designer Apt in the heart of Dublin,2340296,Dardo,Dublin,Dublin City,53.34769,-6.26388,Entire home/apt,111,1,504,2020-12-15,4.99,2,0
575339,Double Bedroom Close to City Center,1689834,Moris,Dublin,Dublin City,53.34173,-6.23949,Private room,50,1,0,,,1,0
587218,sunny double room in victorian home,2895736,James And Tom,Dublin,Dublin City,53.36274,-6.27564,Private room,80,2,192,2020-09-18,1.91,1,365
592840,"Fairy House ,A little bit of country in the city",2115318,Siobhan,Dublin,South Dublin,53.35153,-6.45154,Private room,55,1,19,2020-08-20,0.19,2,0
595320,"City views in stylish, cosy apt",2941825,Dee,Dublin,Dublin City,53.33929,-6.28157,Private room,43,3,45,2015-10-09,0.5,2,0
610233,"Perfect City Centre Apartment, Sleeps 4 - Dublin",687547,Kate,Dublin,Dublin City,53.34578,-6.27214,Entire home/apt,150,2,61,2019-03-23,0.6,1,0
637185,"Quiet, cozy, beautiful 1bdrm!",3177950,Justin,Dublin,Dublin City,53.34689,-6.27584,Entire home/apt,98,7,158,2018-10-13,1.59,1,0
641880,Double room w shower by city centre,3207141,Hazel,Dublin,Dublin City,53.34459,-6.28475,Private room,85,2,46,2016-09-19,0.59,2,0
654589,City Centre Apartment | TEMPLE BAR | DUBLIN CASTLE,3244025,Garrett,Dublin,Dublin City,53.34489,-6.26804,Entire home/apt,136,3,472,2020-12-08,4.68,2,258
681875,"Cosy Double Room, Donnybrook, Near Centre, Dublin4",1615460,B Maria,Dublin,Dublin City,53.32949,-6.24455,Private room,42,5,25,2020-07-13,0.25,5,0
690119,Extensively Modernised Georgian House near Everything,3525420,Sarah,Dublin,Dn Laoghaire-Rathdown,53.29306,-6.24698,Entire home/apt,288,5,210,2020-10-26,2.3,1,343
692956,Studio Apartment  Ideal for visiting Dublin,3244818,Jim,Dublin,Dn Laoghaire-Rathdown,53.28101,-6.12892,Entire home/apt,59,2,269,2020-12-11,2.85,1,322
700142,Dublin  16. Wicklow Way Rest,3591857,Anne-Marie,Dublin,Dn Laoghaire-Rathdown,53.25883,-6.29157,Private room,80,2,27,2019-09-27,0.37,3,361
700193,Dublin South Foothills Walkers Base,3591857,Anne-Marie,Dublin,Dn Laoghaire-Rathdown,53.25859,-6.29201,Entire home/apt,300,2,1,2019-11-02,0.07,3,0
715205,Gracepark Guesthouse 1,3683952,Roy,Dublin,Dublin City,53.37019,-6.25003,Private room,30,2,96,2020-03-09,0.97,5,362
726011,Sunset Crag - Beautiful Apartment,3755932,Valerie,Dublin,Fingal,53.58179,-6.12118,Entire home/apt,113,3,138,2020-12-08,1.56,1,253
726075,Chestnut view- 4* Rating Close to airport and city,3756388,Mary,Dublin,Dublin City,53.36973,-6.25788,Entire home/apt,125,7,3,2017-09-02,0.05,1,365
736751,Gracepark Guesthouse 2,3683952,Roy,Dublin,Dublin City,53.37184,-6.25112,Private room,30,2,71,2020-11-27,0.72,5,355
736773,Gracepark Guesthouse 3,3683952,Roy,Dublin,Dublin City,53.37195,-6.25289,Private room,30,2,64,2020-01-26,0.66,5,365
736794,Gracepark Guesthouse 4,3683952,Roy,Dublin,Dublin City,53.37207,-6.25229,Private room,30,2,82,2020-07-11,0.9,5,365
742656,Camden Central. Dublin at your door,3888023,Daragh,Dublin,Dublin City,53.33484,-6.26428,Private room,60,2,329,2020-03-08,3.94,2,254
747284,Luxury 2 BED Apartment near  City Centre,1626936,James P  ( J.P),Dublin,Dn Laoghaire-Rathdown,53.29444,-6.23302,Entire home/apt,220,1,29,2020-03-15,0.31,1,0
816039,"Boutique Chic 4BR, 10min Temple Bar! Fab location.",192210,Susan,Dublin,Dublin City,53.36758,-6.32402,Entire home/apt,238,3,188,2020-02-09,1.94,1,173
871174,The room that sleeps three,4592908,Louise,Dublin,Dublin City,53.36777,-6.2081,Private room,27,2,215,2020-08-10,2.27,3,337
872539,Contemporary Victorian cottage,4603565,Aida,Dublin,Dublin City,53.35799,-6.23991,Entire home/apt,200,3,97,2020-01-01,1.02,1,0
928970,Self Catering Barge 'Scéal Eile',5001093,Trish,Dublin,Dublin City,53.34242,-6.23803,Entire home/apt,165,2,37,2020-03-09,0.41,2,247
929816,"Luxury Room,Grand Canal,City Center",4985632,Ashton,Dublin,Dublin City,53.343,-6.24073,Private room,79,2,161,2020-02-17,1.7,2,0
939866,"Designer Apt,GrandCanal,City Center",4985632,Ashton,Dublin,Dublin City,53.34514,-6.24077,Entire home/apt,193,2,156,2020-09-18,1.65,2,0
990300,**Superhost Home Near City**,5438017,Melanie,Dublin,Dublin City,53.31327,-6.2528,Private room,65,1,205,2018-02-25,2.17,1,0
998407,self contained cozy tot private near city & airpor,1245198,Amanda,Dublin,Dublin City,53.39622,-6.1756,Entire home/apt,45,1,192,2020-11-09,2.58,3,256
999963,Ten-shui Meatman's Quarter,5497230,Sarah And Johnny,Dublin,Dublin City,53.36181,-6.27475,Entire home/apt,200,7,10,2017-08-16,0.13,1,108
1073487,Open Plan /UCD Adjacent share with small family,5905039,Jane,Dublin,Dn Laoghaire-Rathdown,53.30296,-6.24063,Private room,39,3,52,2020-10-18,0.56,1,0
1076634,"Lovely Hse, Kimmage D6W, (5km to centre).",823405,Declan,Dublin,Dublin City,53.31599,-6.31129,Private room,59,5,50,2019-05-11,0.56,1,351
1102379,Dock Mill in the Grand Canal Basin,205636,Marie-Louise,Dublin,Dublin City,53.34012,-6.23633,Entire home/apt,110,3,194,2019-05-14,2.13,1,89
1173029,Great house in vibrant Stoneybatter,3448346,Ian,Dublin,Dublin City,53.3524,-6.27981,Entire home/apt,343,60,307,2020-08-09,4.58,1,80
1207950,Large 5 Star Prime South Dublin House,6593571,Dave & Ann,Dublin,Dn Laoghaire-Rathdown,53.28315,-6.24647,Entire home/apt,320,5,62,2019-09-16,0.69,1,1
1244710,NEW° Modern Design Apartment - No Internet,5605429,Eddy,Dublin,Dublin City,53.35352,-6.25016,Entire home/apt,128,3,65,2020-02-23,0.72,4,0
1270261,Old Country house,474328,James,Dublin,Fingal,53.56548,-6.31617,Private room,50,1,7,2019-03-17,0.09,1,361
1276002,City Centre HOME by the Liffey w outdoor Patio,6938108,Caroline,Dublin,Dublin City,53.3519,-6.23396,Entire home/apt,341,2,62,2019-10-13,0.73,1,180
1289697,"Riverside relaxation, great location.",2061662,John And Diana,Dublin,South Dublin,53.30471,-6.27694,Entire home/apt,200,6,13,2020-02-19,0.14,1,0
1296492,"Charming & clean - Dublin, Aviva",4580868,Bren & Fer,Dublin,Dublin City,53.33837,-6.22411,Private room,48,2,54,2017-12-20,0.62,1,0
1341478,Lovely old world Dublin Central,408378,Eddie,Dublin,Dublin City,53.35257,-6.29746,Private room,58,3,107,2020-09-05,1.59,1,262
1345435,"Cosy room, Portobello",435734,Conor,Dublin,Dublin City,53.3305,-6.27028,Private room,42,5,35,2019-11-18,0.45,2,120
1364560,"Cosy double in Eclectic Arty home, near Guinness",6977448,Ayelet & Steve,Dublin,Dublin City,53.33578,-6.28937,Private room,64,2,130,2020-03-16,1.45,1,0
1407832,Beautifully Renovated Dublin House,5818278,Therese,Dublin,Dn Laoghaire-Rathdown,53.29742,-6.17032,Entire home/apt,160,4,55,2020-08-16,0.62,1,5
1447994,Stunning Bedroom in Great Location,2401732,Maximilian,Dublin,Dublin City,53.33822,-6.23277,Private room,75,3,3,2015-02-14,0.04,1,0
1466234,Single room with breakfast,5940448,Elva,Dublin,Dublin City,53.32728,-6.30415,Private room,28,4,122,2020-09-19,1.37,1,341
1488124,Modern Double Room Ensuite - Heart of Dublin City°,5605429,Eddy,Dublin,Dublin City,53.35316,-6.25078,Private room,68,2,119,2018-10-28,1.33,4,0
1500892,"Cloghranguesthouse , Triple Room",2232368,Matt,Dublin,Fingal,53.42515,-6.22934,Private room,120,1,164,2019-12-19,1.83,3,365
1520036,Contemporary Apartment  Dublin City,6973475,Brendan,Dublin,Dublin City,53.34503,-6.28061,Entire home/apt,210,3,50,2019-09-20,0.57,1,360
1550394,Historic and original whole Apartment.,8257965,Luke,Dublin,Dublin City,53.34559,-6.26724,Entire home/apt,188,5,255,2020-03-15,2.86,1,180
1551644,Apartment with amazing panoramic views over Dublin,1582772,Myriam,Dublin,South Dublin,53.25599,-6.31983,Entire home/apt,140,1,19,2019-08-13,0.41,1,45
1556554,Beautiful Victorian home.,1271983,Rachel & Justin,Dublin,Dublin City,53.33495,-6.28341,Entire home/apt,183,4,13,2017-11-05,0.24,4,0
1559929,Stephen's Green 1838 Villa - single,3745350,Natasha,Dublin,Dublin City,53.33571,-6.26707,Private room,65,2,53,2020-03-15,0.61,2,0
2818,Quiet Garden View Room & Super Fast WiFi,3159,Daniel,Amsterdam,Oostelijk Havengebied - Indische Buurt,52.36435,4.94358,Private room,59,3,282,2019-11-21,2.83,1,33
20168,Studio with private bathroom in the centre 1,59484,Alexander,Amsterdam,Centrum-Oost,52.36407,4.89393,Private room,106,1,339,2020-03-27,3.57,2,0
27886,"Romantic, stylish B&B houseboat in canal district",97647,Flip,Amsterdam,Centrum-West,52.38761,4.89188,Private room,135,2,226,2021-10-20,2.13,1,22
28871,Comfortable double room,124245,Edwin,Amsterdam,Centrum-West,52.36775,4.89092,Private room,75,2,364,2021-10-15,4.62,2,267
29051,Comfortable single room,124245,Edwin,Amsterdam,Centrum-Oost,52.36584,4.89111,Private room,55,2,509,2021-10-09,5.52,2,282
44391,Quiet 2-bedroom Amsterdam city centre apartment,194779,Jan,Amsterdam,Centrum-Oost,52.37168,4.91471,Entire home/apt,240,3,41,2019-09-22,0.61,1,0
47061,Charming apartment in old centre,211696,Ivar,Amsterdam,De Baarsjes - Oud-West,52.36786,4.87458,Entire home/apt,120,2,184,2019-04-03,1.56,1,178
49552,Multatuli Luxury Guest Suite in top location,225987,Joanna & MP,Amsterdam,Centrum-West,52.38028,4.89089,Entire home/apt,157,3,384,2021-10-31,3.63,1,0
49790,Luxurous Houseboat-Great Location,227530,Klaas,Amsterdam,De Baarsjes - Oud-West,52.36158,4.86101,Entire home/apt,250,3,105,2019-05-14,0.83,1,0
50523,B & B de 9 Straatjes (city center),231946,Raymond,Amsterdam,Centrum-West,52.36811,4.88262,Private room,118,2,310,2020-02-21,2.5,1,332
55621,"Fully equiped house, PIJP area = great",262846,Bharati,Amsterdam,De Pijp - Rivierenbuurt,52.35399,4.89756,Entire home/apt,222,3,32,2018-08-19,0.48,1,0
55709,Bright Loft in Centre Amsterdam,263233,Jan-Willem,Amsterdam,Centrum-Oost,52.358112,4.897637,Entire home/apt,100,4,61,2021-05-23,0.59,1,39
55868,Apartment near Museumplein (centre),264178,Cornelie,Amsterdam,Zuid,52.35597,4.88512,Entire home/apt,149,4,95,2020-01-03,0.88,1,0
62015,"Charming, beautifully & sunny place with cat Luna",301340,Jessica,Amsterdam,Oud-Oost,52.36431,4.93122,Entire home/apt,120,2,35,2017-04-29,1.01,1,0
70598,Attic room with doublebed available,339333,Nadira,Amsterdam,Noord-West,52.4129,4.92224,Private room,40,1,107,2019-10-08,1.57,1,1
75499,Red Studio Palamedes Amsterdam,400896,Edwin + Karin,Amsterdam,De Baarsjes - Oud-West,52.36326,4.87738,Entire home/apt,90,4,38,2018-01-04,0.52,2,300
76459,Yellow Studio Palamedes Amsterdam,400896,Edwin + Karin,Amsterdam,De Baarsjes - Oud-West,52.36261,4.876526,Private room,90,4,16,2017-04-13,0.26,2,0
80635,TOP LOCATED Canalhouse B&B Jordaan,436145,Riks,Amsterdam,Centrum-West,52.37828,4.8944,Private room,82,3,228,2021-10-17,1.81,4,0
82482,The Backroom - Central private appt,186729,Shawna,Amsterdam,Centrum-West,52.36968,4.88122,Entire home/apt,112,2,885,2021-09-30,7.03,1,245
91535,"Privat room and shared Houseboat ""Ramona"" centre",494281,Michiel,Amsterdam,De Pijp - Rivierenbuurt,52.35774,4.89647,Private room,115,1,45,2020-03-02,0.7,1,54
97221,Beautiful and spacious room,195859,Gianni,Amsterdam,Slotervaart,52.34801,4.83639,Private room,45,2,201,2021-10-20,1.88,1,333
97476,Urban Oasis~beautiful street in Old South,485930,Rachel,Amsterdam,Zuid,52.35665,4.86363,Entire home/apt,99,7,53,2017-04-20,0.71,1,0
118097,"all private, city center @ home with art-1",538659,Wendie And Hans,Amsterdam,Centrum-Oost,52.3638,4.88479,Private room,77,4,398,2019-12-24,3.87,2,21
137026,Entire house with garden in De Pijp,670266,Ton & Fede,Amsterdam,De Pijp - Rivierenbuurt,52.35178,4.90699,Entire home/apt,200,3,97,2019-08-23,0.87,1,90
162467,Modern app. with brand new design bathroom,776296,Nicole,Amsterdam,De Baarsjes - Oud-West,52.3627,4.85693,Entire home/apt,155,3,60,2019-05-23,0.76,1,306
168769,"SUPERLOCATED Room in  CANALHOUSE, Private bath",436145,Riks,Amsterdam,Centrum-West,52.37956,4.89359,Private room,88,3,268,2021-10-03,2.18,4,0
169356,"Central,Rooftop 360',Zen,Canal-View, Bright,Quiet",806976,Nick,Amsterdam,Centrum-West,52.38104,4.88306,Entire home/apt,145,6,23,2020-01-03,0.25,1,137
171054,Spacious apartment next to center,815989,Kamiel,Amsterdam,De Baarsjes - Oud-West,52.36768,4.86646,Entire home/apt,120,3,103,2017-06-14,0.82,1,0
179528,Authentic Amsterdam apartment RAI,856540,Pierre,Amsterdam,De Pijp - Rivierenbuurt,52.34332,4.89484,Entire home/apt,250,21,29,2019-11-18,0.23,2,69
188347,Clean & Cozy room in The Baarsjes,907405,Yahav,Amsterdam,De Baarsjes - Oud-West,52.3683,4.85446,Private room,59,1,369,2020-01-27,3.44,1,0
189754,Metropolitan B&B centre Amsterdam,915591,Marijn,Amsterdam,Centrum-West,52.37548,4.89398,Entire home/apt,165,2,200,2020-01-19,2.06,1,186
193038,Private Loft&Bathroom  Ensuite Studio Ctr Amsterda,935742,Johan,Amsterdam,Centrum-Oost,52.36057,4.89671,Private room,94,3,615,2021-10-15,4.98,1,164
213371,"Spacious apartment, great location in De Pijp!",1100324,Hendrik,Amsterdam,De Pijp - Rivierenbuurt,52.3515,4.89656,Entire home/apt,200,6,22,2019-09-02,0.18,1,6
214531,LUXURIOUS GUESTHOUSE in CITY CENTER,1107389,Henry,Amsterdam,Centrum-West,52.37169,4.89446,Private room,115,3,169,2019-12-01,1.56,1,89
219276,Suite in Canalhouse in the heart of the center,1135329,Amsterdam Boutique Apartments,Amsterdam,Centrum-West,52.36883,4.88749,Private room,265,2,12,2021-10-18,0.47,1,346
222516,Cosy apartment in West | Quiet street | Netflix,1155595,Alex,Amsterdam,De Baarsjes - Oud-West,52.36271,4.85875,Entire home/apt,119,5,135,2020-01-03,1.31,1,5
245927,Sonnenberg - Canal side & view - Private & Central,1005087,Wytse,Amsterdam,Centrum-West,52.36815,4.88604,Entire home/apt,344,2,123,2021-08-17,1.11,1,306
247805,"Bellavista, central,with canal view",1298735,Carolien,Amsterdam,De Baarsjes - Oud-West,52.36707,4.87348,Private room,122,2,347,2019-09-22,3.61,1,322
252080,Amazing apartment historical centre,1322517,Evan,Amsterdam,Centrum-Oost,52.36936,4.90963,Entire home/apt,385,4,11,2019-10-23,0.09,1,0
254800,Amazing apartment in city center,1337537,Dj,Amsterdam,Centrum-West,52.37122,4.88211,Entire home/apt,200,2,55,2021-09-13,1.35,1,294
255809,stylish apartment free car parking and 2 bikes,1344947,F.M.,Amsterdam,De Pijp - Rivierenbuurt,52.34416,4.88709,Private room,135,2,100,2019-11-01,0.86,1,319
262394,Charming Studio with Roof Terrace,1376607,Martin,Amsterdam,Zuid,52.35695,4.85234,Private room,88,3,113,2019-10-07,1.01,1,0
272597,"Luxury appartm, good neighbourhood",1426693,Arnoud,Amsterdam,Zuid,52.3481,4.85648,Entire home/apt,145,5,6,2018-04-08,0.08,1,0
274688,Cozy sleeping in popular Amsterdam West,1435990,Marij,Amsterdam,Bos en Lommer,52.37977,4.85574,Entire home/apt,125,4,43,2019-08-10,0.42,1,3
283170,5-bedrooms house; central location,1451657,Marco,Amsterdam,Zuid,52.35435,4.87316,Entire home/apt,621,2,109,2019-05-29,1.07,1,205
286500,"Center,Canal View, Private Bathroom",1491565,David,Amsterdam,Centrum-West,52.37561,4.9,Private room,97,3,299,2021-09-23,2.94,2,194
290701,"Center, Large&Sunny Room,Pvt Bathrm",1491565,David,Amsterdam,Centrum-West,52.37561,4.9,Private room,97,3,347,2021-10-05,3.01,2,201
291752,Cozy & large bohemian style room,1511330,Ton,Amsterdam,Oud-Oost,52.35179,4.91082,Private room,105,3,209,2019-05-27,1.74,1,307
297220,Modern apartment + rooftop terrace @city centre,1532319,Anand,Amsterdam,De Pijp - Rivierenbuurt,52.35784,4.90206,Entire home/apt,145,15,92,2019-09-15,0.82,1,88
304082,Quiet studio in the heart of town with Garden!,276068,Mirre,Amsterdam,Centrum-West,52.37239,4.89657,Private room,99,2,135,2021-09-18,1.17,1,314
304143,Unique Beautiful Houseboat (ship) in Center,1565319,Dick,Amsterdam,Oud-Oost,52.3623,4.92028,Entire home/apt,95,3,52,2017-04-10,0.48,1,0
306852,"SunShine, A Sunny Amsterdam Center Special",1141485,Gisèle And Simon,Amsterdam,Centrum-Oost,52.35931,4.89844,Entire home/apt,200,3,27,2019-09-27,0.55,3,0
307497,Sailing ship group stays in Amsterdam,1582128,Jorn,Amsterdam,Centrum-Oost,52.36733,4.92055,Entire home/apt,707,2,99,2018-09-06,0.89,2,279
307621,"SunBird, Sunny Apt in Quiet Street",1141485,Gisèle And Simon,Amsterdam,Centrum-Oost,52.35871,4.89616,Entire home/apt,125,3,2,2015-10-24,0.02,3,0
308028,"SunFlower, A Sunny B&B + 2 Bicycles",1141485,Gisèle And Simon,Amsterdam,Centrum-Oost,52.35972,4.8975,Private room,95,3,35,2019-01-23,0.4,3,1
311124,*historic centre* *bright* *canal view* *jordaan*,1600010,Anke & Robert,Amsterdam,Centrum-West,52.37104,4.87713,Entire home/apt,220,5,82,2020-08-24,0.71,1,0
327285,beautiful designed ap.+bikes+garden,1672823,Ester,Amsterdam,De Pijp - Rivierenbuurt,52.35625,4.89323,Private room,148,3,535,2020-10-05,4.65,2,0
331946,Lovely FAMILY house near Vondelpark,1687595,Sebastiaan,Amsterdam,De Baarsjes - Oud-West,52.3606,4.85739,Entire home/apt,220,2,27,2018-01-06,0.32,1,0
343094,Amstel Nest - an urban retreat for two,1740785,Rob & Fang,Amsterdam,Oud-Oost,52.35715,4.90926,Private room,73,3,393,2020-03-04,3.71,1,122
350271,Luxe boat AMSTERDAM IJBURG!!!,1775032,Agustina,Amsterdam,IJburg - Zeeburgereiland,52.36129,4.98845,Entire home/apt,395,7,3,2018-09-17,0.05,1,358
357932,Amsterdam appartment + southgarden,1811552,Peter,Amsterdam,De Pijp - Rivierenbuurt,52.35699,4.89705,Entire home/apt,200,3,27,2016-03-30,0.26,1,363
357980,★ STYLISH FAMILY HOME - CITY CENTER,1811745,Marre,Amsterdam,De Baarsjes - Oud-West,52.36348,4.87648,Entire home/apt,245,2,96,2021-10-24,0.82,1,0
361342,★ Stunning City Centre Apartment #3,1826139,Esther & Jan,Amsterdam,Centrum-West,52.37962,4.8945,Entire home/apt,314,7,110,2021-08-15,1.46,8,58
366438,Amsterdam@ city centre & canal view,1849988,Nicolet,Amsterdam,Centrum-Oost,52.36738,4.89671,Private room,120,2,419,2019-05-31,3.79,1,107
367107,"IN HISTORIC CENTRE, NEXT TO AMSTEL, PEACEFUL HOME",1853421,Marijn,Amsterdam,Centrum-Oost,52.36263,4.90216,Entire home/apt,182,1,11,2019-04-28,0.2,1,41
367491,"Charming,  bright and quiet home center Amsterdam",1855417,Maarten,Amsterdam,De Baarsjes - Oud-West,52.364,4.87814,Entire home/apt,119,4,71,2021-09-26,0.61,1,0
378523,Freedom on the water!,1901477,Caroline,Amsterdam,Centrum-Oost,52.3742,4.90401,Entire home/apt,280,3,110,2021-07-30,1.15,1,232
396125,Room in Jordaan Heart of Amsterdam,1979865,Carolyn,Amsterdam,Centrum-West,52.37824,4.88532,Private room,85,3,574,2019-12-30,5.52,1,0
402353,Comfortable design apartment with roof terrace,2008330,Lidy,Amsterdam,Watergraafsmeer,52.35338,4.93407,Entire home/apt,119,2,199,2020-02-01,2.33,1,284
415619,Sunny Amsterdam East Harbor View,1336633,Stephan,Amsterdam,Oostelijk Havengebied - Indische Buurt,52.36905,4.93528,Entire home/apt,145,2,70,2020-09-13,0.63,1,270
422044,★ City Centre Loft #4,1826139,Esther & Jan,Amsterdam,Centrum-West,52.37964,4.89442,Entire home/apt,289,7,135,2021-10-18,1.17,8,34
437757,COOL DESIGN HOUSE with WiFi,2174719,Natalie,Amsterdam,De Pijp - Rivierenbuurt,52.35503,4.90516,Entire home/apt,109,3,123,2019-10-06,1.19,1,6
440992,Charming houseboat near Olympic St.,2191136,Jan,Amsterdam,Zuid,52.341621,4.849049,Entire home/apt,200,3,111,2018-04-25,1.07,1,67
441424,Family house in centre of Amsterdam,2193861,Marco,Amsterdam,Oostelijk Havengebied - Indische Buurt,52.37281,4.94303,Entire home/apt,185,4,34,2018-08-06,0.41,1,29
445660,cosy room with private entrance,2202945,Heleen,Amsterdam,De Baarsjes - Oud-West,52.37001,4.85646,Private room,70,2,409,2021-09-19,3.58,1,267
446592,Three colourful art rooms in trendy Pijp,1543378,Daniel,Amsterdam,De Pijp - Rivierenbuurt,52.35688,4.90278,Private room,100,2,239,2020-03-05,2.34,1,308
450767,Houseboat 'Saturnus' Amsterdam,2238440,Richard En Birgit,Amsterdam,Centrum-Oost,52.37006,4.90081,Entire home/apt,275,3,83,2021-08-22,0.87,2,276
462341,Central 17th Century Unique House,2297302,Milen & Joes,Amsterdam,Centrum-West,52.3739,4.89263,Entire home/apt,171,3,35,2021-10-23,0.66,1,4
481664,Live the life of A'dam on water!,1382273,Eltjo,Amsterdam,Westerpark,52.39134,4.89067,Private room,85,2,441,2020-10-06,4.7,2,308
483779,Spacious studio apartment in A'dam,2395278,Alex,Amsterdam,Slotervaart,52.3509,4.83293,Private room,100,2,38,2017-02-27,0.63,1,0
503629,"Quiet & spacious apt, near Museums & Concertgebouw",2483843,Alban,Amsterdam,Zuid,52.3543,4.87701,Entire home/apt,120,5,11,2013-08-28,0.15,1,0
505012,Centre Amsterdam perfect for family,1645998,Djoke,Amsterdam,Centrum-Oost,52.36412,4.88757,Entire home/apt,299,3,60,2019-10-23,0.66,1,133
505650,Stylish Design Apartment,2492723,Irene,Amsterdam,Zuid,52.35482,4.87438,Private room,120,3,129,2019-10-18,1.5,2,323
507598,Canal View Apartment! Jordaan Area,2501656,Stephanie,Amsterdam,Centrum-West,52.37694,4.88003,Entire home/apt,600,2,62,2018-11-25,0.54,1,361
508433,Amazing views in Amsterdam (2 bedr),1744556,Martien,Amsterdam,Geuzenveld - Slotermeer,52.37166,4.82951,Entire home/apt,275,3,63,2018-08-11,0.79,1,61
510836,★ Combo City Centre Apartments,1826139,Esther & Jan,Amsterdam,Centrum-West,52.37958,4.89451,Entire home/apt,729,7,110,2019-08-24,1.13,8,31
515088,Familyfriendly Suite incl breakfast,2536879,Hansje,Amsterdam,Noord-Oost,52.39675,4.99603,Private room,120,2,2,2018-07-26,0.06,1,339
515749,unique and luxurious houseboat,2540480,Derk,Amsterdam,Centrum-Oost,52.35902,4.89606,Entire home/apt,145,3,181,2017-06-02,1.62,1,327
515921,Apartment near centre with amazing view over city,2541099,Anne-Marie,Amsterdam,Zuid,52.35022,4.8525,Entire home/apt,159,4,77,2018-03-07,0.87,1,65
517996,Bright Canal house with amazing view! @the Jordaan,2550339,Aemilia,Amsterdam,Centrum-West,52.37827,4.88568,Entire home/apt,200,3,23,2020-03-18,0.41,1,0
522471,Beautiful grand appartment (135 m2),2569931,Harriet,Amsterdam,Bos en Lommer,52.3774,4.851,Entire home/apt,180,5,23,2018-02-04,0.32,1,0
528022,Somewhere Else,2594559,Els,Amsterdam,Westerpark,52.39114,4.88846,Private room,100,2,210,2020-02-16,3.39,1,0
538723,Beautiful ground floor apartment,356740,Dimphy,Amsterdam,Watergraafsmeer,52.354,4.93965,Entire home/apt,140,5,57,2019-08-10,0.54,1,0
549310,3 bedrooms Apartment+Garden,2699033,Barbara,Amsterdam,De Baarsjes - Oud-West,52.37126,4.86241,Entire home/apt,200,2,47,2020-01-02,0.62,1,22
553514,"B&B WestergasTverblijf , Cosy!",618589,Mirjam,Amsterdam,Westerpark,52.38444,4.86916,Entire home/apt,80,2,162,2018-08-14,1.63,1,126
556829,"peaceful stay near city centre,  airport & forrest",2737834,Sophia,Amsterdam,Buitenveldert - Zuidas,52.33558,4.86878,Entire home/apt,110,3,20,2019-05-24,0.18,2,155
568005,Bright central studio with terrace,2794849,Yasha & Dessi,Amsterdam,Zuid,52.3541,4.8815,Entire home/apt,140,2,55,2017-05-14,0.51,2,286
568446,Pretty apt in the center of A'dam,2797260,Noriko,Amsterdam,Centrum-Oost,52.37079,4.90153,Entire home/apt,92,3,103,2019-08-10,1,1,0
570753,Southern Comfort near Vondelpark,2439449,Henriette,Amsterdam,Zuid,52.34904,4.86765,Private room,75,3,369,2020-02-16,3.28,1,308
177,Tiny Home in the Heart of the City- ECO FRIENDLY,615,Joe,Denver,Washington Virginia Vale,39.69753,-104.92588,Entire home/apt,100,1,93,2021-10-24,1.54,2,361
360,Sit in the Peaceful Garden of the Chickadee Cottage in LoHi,666,Jennifer & Giovanni,Denver,Highland,39.76703,-105.00256,Entire home/apt,133,29,166,2021-08-20,7.92,2,132
364,Lodo / RiNo LOFT  via airport train,783,Jason,Denver,Five Points,39.76672,-104.97906,Entire home/apt,179,185,87,2016-04-26,0.68,1,301
590,Comfortable  - and a great value!,933,Jill,Denver,North Park Hill,39.75361,-104.91237,Private room,54,2,640,2021-10-18,7.17,2,215
592,private,933,Jill,Denver,North Park Hill,39.75481,-104.91106,Private room,52,1,163,2021-09-13,1.17,2,107
686,Alexandra's Queen Bed Room LONG-TERM RENTAL,990,Alexandra,Denver,North Capitol Hill,39.74503,-104.97756,Private room,33,30,256,2021-07-16,3.22,1,301
1940,Baker Studio Close to EVERYTHING,2150,Joanne,Denver,Baker,39.71981,-104.99649,Entire home/apt,98,1,70,2021-10-18,1.21,1,0
31503,Highland Park Guest House,135298,Rick,Denver,West Highland,39.76179,-105.02845,Entire home/apt,85,4,99,2021-09-26,2.7,1,328
39405,LoHi Secret garden at Mulberry Cottage Monthly,666,Jennifer & Giovanni,Denver,Highland,39.76605,-105.00526,Entire home/apt,110,29,626,2021-09-30,8.65,2,146
81540,Affordable S. Denver Guest House,98912,Jess,Denver,Overland,39.66787,-104.98969,Entire home/apt,77,3,185,2021-10-10,1.52,1,151
90307,Comfy King Size Room (Park Hill),489506,Doreen,Denver,South Park Hill,39.7495,-104.93362,Private room,90,1,226,2021-10-16,2.3,3,63
154999,In the Heart of Downtown Denver,745200,Susan,Denver,CBD,39.74439,-104.98927,Entire home/apt,67,90,11,2011-12-13,0.09,6,275
172196,Luxury Wash Park Home Great for Families & Groups,526354,Michael,Denver,Washington Park,39.69688,-104.96232,Entire home/apt,400,5,28,2021-08-19,0.23,1,161
192430,treetop view bedroom  east dwntwn ./  4-8 weeks,923646,Kate,Denver,South Park Hill,39.7416,-104.93613,Private room,45,29,125,2021-10-16,1.62,1,0
217996,Highland Snug,10730,William,Denver,Highland,39.75706,-105.01022,Private room,71,30,11,2017-08-06,0.15,2,275
236207,Denver Penthouse 5*Location DIA 33 Minutes $10.50,1238201,Dave,Denver,Union Station,39.75475,-105.00533,Entire home/apt,165,30,63,2020-10-31,0.83,1,130
283162,2000 SF-Lodo Club Style Condo,1475137,Lee,Denver,Union Station,39.7515,-104.99473,Entire home/apt,165,30,2,2021-08-20,0.05,1,332
286732,"House on Stout: Prairie 
welcoming solo travelers",1154806,Ellen,Denver,Five Points,39.75243,-104.98315,Private room,80,2,206,2021-10-24,2.63,2,1
364585,Washington Park Stunning Townhouse,930851,Nicholas,Denver,Washington Park West,39.69859,-104.9813,Entire home/apt,223,29,144,2021-08-29,14.5,1,124
370209,Private room in the nest - w/bathroom,269892,Maura,Denver,Baker,39.71816,-104.9962,Private room,55,7,106,2021-09-30,1.39,1,173
477016,Private room In the heart of Denver,10951,Tricia,Denver,City Park West,39.7413,-104.96934,Private room,55,3,340,2021-10-25,5.26,1,35
504080,Creative Haven in Artist’s Abode,2370964,Andrea,Denver,Clayton,39.76574,-104.95379,Entire home/apt,149,3,58,2021-10-25,0.62,1,77
521072,Downtown and Modern by Hospital.,2563107,Matthew,Denver,City Park West,39.74428,-104.96285,Entire home/apt,130,60,206,2021-09-13,1.87,1,177
548897,"TreeHouseSuite, in Healing Center ~30 DAYS OR MORE",1313972,Heather,Denver,City Park West,39.74032,-104.96,Private room,50,30,154,2021-10-07,2.46,2,271
575758,a REAL warehouse LOFT,2832150,Kerry,Denver,Five Points,39.76746,-104.97948,Entire home/apt,200,180,37,2017-01-09,0.41,1,365
632709,1890 townhome in popular LoHi! 2018-BFN-0009355,2157095,Valerie,Denver,Highland,39.76659,-105.00957,Entire home/apt,143,29,163,2020-03-13,2.08,1,66
665622,Walk to Everything Downtown- 2BR,3364096,Becky,Denver,Highland,39.76091,-105.01205,Entire home/apt,159,29,853,2021-09-30,30.43,2,216
676825,Beautiful Home in Charming Location,3440535,Krista,Denver,Stapleton,39.75706,-104.88374,Entire home/apt,195,5,161,2021-10-11,1.86,1,205
715123,Hip Platt Park Bungalow,3654159,Dave & Lisa,Denver,Platt Park,39.69565,-104.983,Entire home/apt,115,2,35,2021-10-17,4.32,1,23
732845,"RiNo Breweries, Food, Music & Art just steps away!",3816358,John,Denver,Five Points,39.759,-104.98106,Entire home/apt,362,2,131,2021-10-04,1.41,1,212
746298,Urban Retreat with Private Bath,3915386,Mary,Denver,Lowry Field,39.72345,-104.89731,Private room,56,30,87,2021-05-31,1.1,1,26
756594,Private lower level 2 bedroom suite,3638426,Ling & Chris,Denver,South Park Hill,39.74027,-104.91516,Entire home/apt,81,2,330,2021-10-20,7.75,1,332
761858,2 Bedrooms - 2 King Size Beds (Park Hill),489506,Doreen,Denver,South Park Hill,39.75006,-104.93265,Private room,180,1,20,2021-10-18,0.22,3,78
774712,ZEN! Best Location! Cute & Quiet. CLOROX CLEAN!,4087056,Jeanne,Denver,City Park West,39.74245,-104.9681,Entire home/apt,66,30,34,2021-09-21,0.46,6,339
776434,Super-comfortable Modern Home 3 Bdr -Platt Park DU,3344763,Steve,Denver,Platt Park,39.68403,-104.98296,Entire home/apt,196,3,89,2021-10-11,0.87,3,282
785140,Main floor of bungalow with 1 GB internet,1275081,Shawn,Denver,Sunnyside,39.78097,-105.01723,Entire home/apt,160,2,62,2021-10-24,0.64,2,0
787456,Queen en suite in lovely Victorian,4150751,Pamela,Denver,Congress Park,39.73433,-104.95666,Private room,74,29,368,2020-09-27,7.35,3,0
834896,Dwell Contender!On Park! Walk Score 10+-Dog OK-,4366942,Nan,Denver,City Park West,39.74965,-104.96088,Entire home/apt,105,30,77,2021-08-31,0.75,3,0
852934,Peaceful Artist Oasis 2BR easy access Downtown,4452973,Vivian & Tom,Denver,Goldsmith,39.67548,-104.92997,Entire home/apt,97,1,282,2021-10-18,4.41,1,360
915016,Cozy Capitol Hill Accommodation,4911774,Tim And Cindy,Denver,Capitol Hill,39.73572,-104.97783,Entire home/apt,95,14,317,2021-10-25,4.02,1,230
921485,Stylish & Historic LoHi Loft w/ Views and Parking,3378084,Alexandra,Denver,Highland,39.75893,-105.01637,Entire home/apt,129,29,65,2021-10-01,0.72,2,294
953052,Congress Park Cottage,5173501,Steve,Denver,Congress Park,39.7325,-104.94919,Entire home/apt,90,30,2,2018-09-16,0.03,1,351
958612,DENVER  2BD/2BA SUITE MOUNTAIN VIEW GREAT LOCATION,5216325,Julia,Denver,CBD,39.74646,-104.99688,Entire home/apt,125,30,11,2019-08-02,0.12,6,242
1004131,Stapleton Carriage House,4745285,Sean,Denver,Stapleton,39.76001,-104.86888,Entire home/apt,129,21,26,2021-10-09,0.68,1,14
1041934,"Private apt in Berkeley, MTN Views!",5811115,Annette,Denver,Berkeley,39.78185,-105.03972,Entire home/apt,165,30,29,2021-03-29,0.47,5,296
1042331,Beautiful Apt in Berkeley/Highlands,5811115,Annette,Denver,Berkeley,39.78166,-105.03975,Entire home/apt,145,30,40,2021-09-30,0.42,5,211
1069351,Historic Denver Bungalow- 30+ day rentals only,3577356,Bonnie,Denver,Sunnyside,39.7738,-105.00937,Entire home/apt,100,30,5,2018-11-17,0.06,1,120
1074386,1BR/1BA Santa Fe Arts District Home,5910663,Tony,Denver,Lincoln Park,39.72771,-104.99788,Entire home/apt,143,1,77,2021-10-24,0.8,3,264
1082572,Baker Flat/Private Yard & Parking-30+ Dogs OK. 5G.,879998,Jennifer,Denver,Baker,39.71284,-104.99194,Entire home/apt,170,30,43,2020-10-27,0.65,4,60
1143676,Modern Sizzle-New-Across from City Park-! Superb!,4366942,Nan,Denver,City Park West,39.74825,-104.96023,Entire home/apt,120,30,41,2020-12-19,0.55,3,353
1153002,Comforts of Home in RiNO - 3bd/2ba,192640,Kim,Denver,Cole,39.76804,-104.97044,Entire home/apt,136,30,54,2016-05-01,0.74,3,301
1220547,Sunny Southwest Exposure! Brooks Tower One-Bed 5A,6658113,Ann,Denver,CBD,39.74634,-104.99678,Entire home/apt,56,30,3,2021-08-31,0.03,13,120
1223593,Sweet and sunny in Capitol Hill,6674631,Cynthia,Denver,Cheesman Park,39.73684,-104.96974,Private room,68,29,155,2021-06-20,1.75,3,333
1223612,Suite of rooms in Capitol Hill,6674631,Cynthia,Denver,Cheesman Park,39.73165,-104.97057,Private room,58,29,180,2021-06-14,1.96,3,363
1236000,Sunny studio! Brooks Tower 5B,6658113,Ann,Denver,CBD,39.74634,-104.99678,Entire home/apt,58,30,12,2021-08-02,0.12,13,120
1240215,Fully furnished downtown apt! Brooks Tower 5G,6658113,Ann,Denver,CBD,39.74634,-104.99678,Entire home/apt,53,30,6,2020-11-03,0.06,13,0
1243170,"Artsy Home - Queen Bed, Private Ba",192640,Kim,Denver,Cole,39.76803,-104.96903,Private room,47,30,9,2016-03-10,0.11,3,302
1291679,Sunny Balcony! Downtown 2x2 Brooks Tower 5C,6658113,Ann,Denver,CBD,39.74634,-104.99678,Entire home/apt,98,30,5,2021-07-10,0.05,13,120
1311993,Downtown Apt - Clean & Convenient! Brooks Tower 5I,6658113,Ann,Denver,CBD,39.74634,-104.99678,Entire home/apt,58,30,10,2020-11-01,9.09,13,120
1313699,"Platt Park Urban Getaway: entire house, families!",7138728,Ann,Denver,University,39.68363,-104.97227,Entire home/apt,218,4,18,2016-08-07,0.2,1,0
1315853,Downtown One-Bed Apt w/Balcony! Brooks Tower 4G,6658113,Ann,Denver,CBD,39.74634,-104.99678,Entire home/apt,78,30,5,2021-08-25,0.07,13,0
1339519,Spacious One Bedroom w/Balcony: Brooks Tower 4A,6658113,Ann,Denver,CBD,39.74634,-104.99678,Entire home/apt,56,30,7,2021-07-01,7,13,120
1397309,Private balcony! Brooks Tower 6A,6658113,Ann,Denver,CBD,39.74634,-104.99678,Entire home/apt,78,30,5,2016-12-14,0.08,13,120
1402409,Spacious 1928 Bungalow near Sloan's Lake.,1382900,Pamela,Denver,West Colfax,39.73845,-105.03883,Entire home/apt,245,3,116,2021-10-17,1.3,1,192
1454673,2 Bdrm Suite in Victorian (Denver Botanic Gardens),4150751,Pamela,Denver,Congress Park,39.73439,-104.95807,Private room,102,29,133,2020-09-08,2.02,3,0
1529804,Bright & Cosy Studio Near Shops and Restaurants,8157870,Rachel,Denver,Berkeley,39.77873,-105.02739,Entire home/apt,79,1,252,2021-10-21,16.12,1,74
1581384,West Highlands Sweet Retreat!,8410190,Deanna,Denver,West Highland,39.76794,-105.05151,Entire home/apt,128,30,73,2021-10-06,1.13,7,259
1583103,W. Wash Park Artist Bungalow,8428229,Christina,Denver,Speer,39.71954,-104.98346,Entire home/apt,108,29,28,2021-07-15,0.91,3,1
1594161,Newly Renovated Apartment-Perfect for Families!,4756064,Brian And Tarryn,Denver,West Colfax,39.73926,-105.04679,Entire home/apt,88,3,201,2021-10-18,3.43,1,30
1637744,Park Hill Denver: Shady Retreat,8697449,Jennifer,Denver,South Park Hill,39.74252,-104.90985,Private room,60,31,38,2021-07-17,0.52,1,245
1641476,Charming 1890's Victorian Cottage by Sloan's Lake,8714815,Allison,Denver,Sloan Lake,39.75276,-105.05175,Entire home/apt,201,3,33,2021-06-30,0.66,1,86
1733052,Beautiful Private Basement Suite near Downtown,2416216,Jason,Denver,Cheesman Park,39.73871,-104.97073,Private room,104,1,1143,2021-10-21,15.45,1,292
1737365,Stylish & Historic LoHi Loft on Wyandot,3378084,Alexandra,Denver,Highland,39.75901,-105.01541,Entire home/apt,130,29,67,2020-08-21,0.72,2,221
1785877,Cozy and Convenient in Capitol Hill,6674631,Cynthia,Denver,Cheesman Park,39.73705,-104.96834,Private room,56,29,169,2021-09-30,2.27,3,302
1792152,Peaceful Retreat in Congress Park,9402581,Rita,Denver,Congress Park,39.73404,-104.94654,Private room,78,29,252,2021-09-19,2.93,2,333
1801950,Best Location HUGE 1 bedroom loft,9447036,Zach,Denver,CBD,39.74569,-104.99202,Entire home/apt,243,2,258,2021-10-15,5.89,2,158
1900638,MasterBdrm&PrivateBath*LadiesOnly*WalkDU&PorterHos,9869829,Barbara,Denver,University,39.66641,-104.96587,Private room,35,10,86,2020-02-01,3.6,3,4
1901266,PrivateBdrmShareBath*LadiesOnly*Walk DU&PorterHos,9869829,Barbara,Denver,University,39.66793,-104.96606,Private room,40,7,93,2021-10-09,1.1,3,169
1905596,"Charming, cozy, private hideaway",5811115,Annette,Denver,Berkeley,39.78125,-105.03799,Entire home/apt,110,30,69,2021-09-02,0.75,5,310
1915301,Modern 4 Story LoHi Home | Panoramic Rooftop Views,9933778,Kelvin,Denver,Highland,39.76823,-105.00989,Entire home/apt,420,3,30,2021-10-24,1.25,1,60
1955800,High-Rise Condo in Heart of Denver,10109001,Joey,Denver,CBD,39.74578,-104.99603,Entire home/apt,200,29,15,2018-08-31,0.17,1,147
1959836,Artist Cottage in Denver,10033473,Anne,Denver,Clayton,39.76476,-104.95804,Private room,39,30,297,2019-11-04,3.73,1,26
1966103,Wash Park/DU • 10 Mins Downtown • Family Friendly,9597571,Jon & Irene,Denver,Platt Park,39.67953,-104.98035,Entire home/apt,150,29,8,2020-07-21,0.29,2,153
2104774,"HOT! Best Location.  Cozy, quiet. CLOROX CLEAN!",4087056,Jeanne,Denver,City Park West,39.74245,-104.9681,Entire home/apt,68,30,49,2021-10-12,0.7,6,337
2119667,Architect Owned Unique Retreat in the Art District,10535707,Nicole,Denver,Lincoln Park,39.73499,-105.00108,Entire home/apt,235,29,415,2021-09-04,17.63,1,314
2139342,Designer Home Away From Home,10917089,Jeffrey,Denver,Hilltop,39.72061,-104.91187,Entire home/apt,92,30,154,2021-09-06,1.83,5,265
2153985,Sleeps 6 - Duplex 2 miles from Downtown Denver,10534574,Jessica,Denver,Sunnyside,39.77007,-105.00293,Entire home/apt,145,1,54,2021-10-24,13.06,1,144
2175370,PrivateBdrmShare Bath*LadiesOnly*Walk DU&PorterHos,9869829,Barbara,Denver,University,39.66636,-104.96569,Private room,26,7,60,2019-10-20,1.97,3,4
2216969,Modern Studio,10917089,Jeffrey,Denver,Hilltop,39.72202,-104.91177,Entire home/apt,70,30,150,2021-10-21,2.37,5,294
2232323,"Cozy Cottage in the Country Club,",11393480,Darrow,Denver,Country Club,39.72367,-104.96557,Entire home/apt,260,7,83,2021-10-21,0.9,1,312
2239191,"Spacious victorian, bright and airy near downtown.",1239512,Zorab,Denver,Clayton,39.76768,-104.9551,Entire home/apt,214,4,73,2021-10-19,1.01,1,338
2243316,"BEST! Location, open, quiet, CLOROX CLEAN!",4087056,Jeanne,Denver,City Park West,39.74245,-104.9681,Entire home/apt,72,30,29,2021-06-30,0.41,6,352
2267500,Quiet Highlands Cottage,7961148,Cory,Denver,West Highland,39.76485,-105.03541,Entire home/apt,115,29,246,2019-09-21,2.7,1,190
2361919,The Cloisters at Berkeley,5811115,Annette,Denver,Berkeley,39.78009,-105.03965,Entire home/apt,70,30,39,2021-10-15,0.44,5,313
2386289,Sunny Sky Loft in Highlands,184771,Melanie,Denver,West Highland,39.76777,-105.03529,Entire home/apt,130,7,94,2021-06-22,1.12,1,0
2441900,Remodeled Victorian Condo!,12482307,Jeremy,Denver,City Park West,39.74496,-104.96925,Entire home/apt,48,90,3,2014-05-08,0.03,2,224
2466830,HISTORIC COTTAGE IN BONNIE BRAE,6896064,Greg,Denver,Cory - Merrill,39.68889,-104.95642,Entire home/apt,300,29,11,2021-05-23,0.28,1,362
2467260,Parkside 5280,11000035,Ryan,Denver,City Park,39.74241,-104.95097,Entire home/apt,142,1,476,2021-10-14,9.51,1,54
2487185,Beautiful!! Just Minutes from Downtown!  Hot Tub!,4706233,Jeffrey,Denver,Athmar Park,39.70434,-105.0102,Entire home/apt,199,3,16,2021-07-09,0.31,3,206
75065,Bay cottage on Passamaquoddy bay,397069,Bob,NewBrunswick,Saint Andrews,45.13241,-67.04725,Entire home/apt,235,2,29,2019-10-20,1.16,1,107
145013,Lobster Lane Cottage: private beach,642972,Jennifer,NewBrunswick,Dundas,46.32857,-64.52445,Entire home/apt,125,7,8,2020-08-23,0.11,1,362
261800,Furnished Executive Close to City,1373498,Usha,NewBrunswick,City of Saint John,45.27727,-66.0604,Entire home/apt,100,2,46,2019-09-27,1.21,1,352
791070,Private room in a friendly home!,72953,Stephen,NewBrunswick,Sackville,45.894821,-64.376556,Private room,69,1,57,2019-10-10,0.56,1,336
872640,Acadian Isle Retreat - Heron Haven,2189998,Danielle,NewBrunswick,Shippagan,47.86785,-64.52187,Entire home/apt,135,7,3,2015-09-01,0.11,1,355
905910,"2 bedroom bungalow ideal - tv, movie film location",4847531,Forsale,NewBrunswick,Cambridge,45.85825,-66.11696,Entire home/apt,130,7,0,,,1,358
950843,"Centrally located  3 bdrm  home , bkfst items",3032106,Gerry,NewBrunswick,Moncton,46.10555,-64.81432,Entire home/apt,124,4,200,2021-08-15,2.27,2,344
1199731,"Beautiful Victorian Mansion, Superior Suite",6540753,Chipman Hill Suites,NewBrunswick,City of Saint John,45.27233,-66.05694,Private room,180,1,130,2021-09-06,1.69,8,301
1210065,Gagetown Boathouse a waterfront year-round retreat,6608327,Derek,NewBrunswick,Gagetown,45.78008,-66.14374,Entire home/apt,215,2,3,2021-10-16,0.82,2,178
1242493,Parlour Room,6772314,Dwight & Cheryl,NewBrunswick,City of Saint John,45.27358,-66.05307,Private room,125,1,47,2021-09-22,0.62,10,181
1264655,"The Maples, NB Country Farmhouse",6885464,Gary,NewBrunswick,Bright,45.97722,-66.84614,Entire home/apt,139,3,139,2019-10-06,1.81,1,327
1266591,"Beautiful King Suite, Victorian Mansion",6540753,Chipman Hill Suites,NewBrunswick,City of Saint John,45.27406,-66.05772,Private room,188,1,79,2021-09-26,1.49,8,299
1489389,"Midpoint to  Moncton, Saint John or Fredericton",7964165,Sharon,NewBrunswick,Springfield,45.64933,-65.8593,Private room,35,1,66,2018-09-29,1.04,3,349
1806151,"Waterfront cottage, relaxing and fun get away!",4253971,Roxanne,NewBrunswick,Richibucto,46.68234,-64.80627,Entire home/apt,120,2,120,2017-07-24,1.57,1,208
2148508,Near Fundy - Country Guest House,7964165,Sharon,NewBrunswick,Springfield,45.64943,-65.86004,Private room,35,1,136,2021-09-24,1.55,3,349
2535589,Old Launch Ways - Family Cottage,4602006,Alec,NewBrunswick,Kingston,45.44755,-66.00487,Entire home/apt,150,7,44,2019-07-03,0.85,1,89
2550351,Counting sheep guest suites #1 (adult only),12298363,Heather And Joey,NewBrunswick,Hillsborough,45.94133,-64.66544,Entire home/apt,150,2,49,2019-08-12,0.94,3,264
2558458,Music of the Trees - Near the Sea,12963726,Sandra,NewBrunswick,Alnwick,47.1967,-65.14315,Entire home/apt,60,3,59,2016-08-02,0.92,1,333
2664825,Victorian Apartment Close to Uptown,6772314,Dwight & Cheryl,NewBrunswick,City of Saint John,45.27354,-66.05299,Private room,160,1,50,2019-08-09,0.63,10,181
2745462,Oceanfront Cottage - Paradise Point,14045406,Shannon,NewBrunswick,Saint George,45.0635,-66.82176,Entire home/apt,128,2,191,2021-09-17,2.12,1,294
3217193,Harris Hatch - Starfish Suite,16292752,Karen,NewBrunswick,Saint Andrews,45.0754,-67.05535,Entire home/apt,148,2,61,2019-08-28,1.57,2,153
3260745,"Skyline Resort with Pool, Hot Tub & Tiki Hut! Db",16489649,Francis,NewBrunswick,Fredericton,45.93823,-66.64044,Private room,100,1,78,2018-08-30,1.52,2,169
3310272,Pointe-du-Chêne: Parlee Beach Cottage,14467849,Bill & Courtney,NewBrunswick,Shediac,46.23471,-64.51617,Entire home/apt,264,7,38,2021-09-12,0.5,1,351
3324500,Suites @ 157  Sea view,16784473,Ann,NewBrunswick,Wellington,46.47954,-64.69794,Private room,160,5,0,,,2,363
3370306,Red Herring Cottage,17003698,Deborah,NewBrunswick,Grand Manan,44.76104,-66.74383,Entire home/apt,160,5,17,2019-08-03,0.22,1,44
3543178,The NODD-INN - 3/1 Apartment,17836479,Lorrie,NewBrunswick,Saint Andrews,45.0969,-67.07441,Entire home/apt,190,2,46,2021-07-24,0.52,1,60
3562967,Catch the Wind - Bed & Breakfast,17938931,Art,NewBrunswick,Hopewell,45.77091,-64.65566,Private room,110,1,219,2021-08-17,2.93,2,162
3696064,Pumpkin B&B,18825144,Lynda,NewBrunswick,Westmorland,46.04963,-64.08476,Private room,120,1,4,2019-08-17,0.15,3,96
3696105,Pumpkin Inn B&B,18825144,Lynda,NewBrunswick,Westmorland,46.04932,-64.08544,Private room,101,1,33,2017-08-05,0.43,3,365
3697522,The Boathouse on Wegesegum,11880724,Junior,NewBrunswick,Chipman,46.15525,-65.89744,Entire home/apt,89,2,115,2021-09-12,1.83,1,311
3705233,Stargazer Room - An Artist's Garden,18274338,Karin,NewBrunswick,Harvey,45.65058,-64.73643,Private room,125,2,75,2019-09-13,1.43,3,363
3756385,L'Ancrage B&B (3x Lits jumeaux),19228862,L'Ancrage,NewBrunswick,Saint-Louis,46.74195,-64.98076,Private room,120,1,7,2021-08-23,2.5,3,360
4439715,Beach House in the Bluffs,14633675,Terry,NewBrunswick,Shediac,46.23736,-64.50755,Entire home/apt,165,7,0,,,1,56
4484263,Artsy Fantastic Fun Flat!,4679107,Debbie,NewBrunswick,City of Saint John,45.27057,-66.06036,Entire home/apt,150,2,168,2021-09-19,2.1,2,319
4549425,NO CLEANING FEES! Cozy 1 Bed. Basement Apt.,23587432,Julie,NewBrunswick,Moncton,46.06336,-64.71014,Entire home/apt,58,2,177,2018-09-12,2.24,1,297
4881229,Storeytown Cottages - Cottage #1,25111766,Christine & Jeremie,NewBrunswick,Blissfield,46.54993,-66.16803,Entire home/apt,225,2,6,2017-08-29,0.09,4,251
5531947,"location  8 chalets ,1-888-250-7770",26377084,Donald,NewBrunswick,Saint-Quentin,47.58141,-67.38104,Entire home/apt,140,2,5,2021-10-03,0.06,1,365
5586792,Old south home•Vegan• River trails!,28966730,Tanya,NewBrunswick,Fredericton,45.96431,-66.62439,Private room,90,1,41,2016-08-10,0.52,3,359
5755517,5 star 2 story Loft in heart of Moncton,17174254,Samuel,NewBrunswick,Moncton,46.09601,-64.79074,Entire home/apt,100,2,148,2021-01-29,4.07,1,300
5965041,Parlee Beach Cottage,30966363,Nancy,NewBrunswick,Shediac,46.23591,-64.5025,Entire home/apt,200,28,13,2018-12-16,0.25,1,263
5966300,Big Axe B&B - Maple Suite,30970908,Vasyl,NewBrunswick,Southhampton,45.9748,-67.24077,Private room,120,1,96,2019-09-30,1.87,4,364
5979254,Lakefront Cottage for rent (non-smoking),31041844,Stan,NewBrunswick,Wickham,45.78021,-65.97056,Entire home/apt,108,3,29,2018-06-28,0.37,1,112
5997203,Country Home with Splendid View,31136036,Ellie,NewBrunswick,Salisbury,46.04486,-65.15686,Entire home/apt,110,3,6,2016-08-22,0.09,1,211
6031918,"Bramble Cabin, Your off-grid retreat",3137483,Jessica,NewBrunswick,Saint Patrick,45.18502,-66.99258,Entire home/apt,175,2,12,2021-09-05,3.87,1,93
6070850,CARRIAGE Room,6772314,Dwight & Cheryl,NewBrunswick,City of Saint John,45.27358,-66.05307,Private room,125,1,177,2019-09-11,2.36,10,178
6076960,Private ocean-view bedroom,29519527,Carly,NewBrunswick,Grand Manan,44.65031,-66.84735,Private room,57,2,36,2019-06-26,0.47,1,180
6103707,Western Hideout,6772314,Dwight & Cheryl,NewBrunswick,City of Saint John,45.27358,-66.05307,Private room,99,1,96,2019-08-24,1.5,10,181
6276822,Private room in charming house,11820485,Dounia,NewBrunswick,Moncton,46.09771,-64.78947,Private room,50,2,22,2016-09-06,0.28,1,301
6331919,Silver Birch - An Artist's Garden,18274338,Karin,NewBrunswick,Harvey,45.6517,-64.73813,Private room,125,2,41,2019-09-29,1.03,3,363
6332199,Wild Orchid - An Artist's Garden,18274338,Karin,NewBrunswick,Harvey,45.65148,-64.7364,Private room,125,2,28,2019-07-21,0.38,3,363
6531588,"Oceanfront cottage in Grande-Digue, on Cocagne Bay",34161859,Yves,NewBrunswick,Dundas,46.33137,-64.59436,Entire home/apt,85,7,13,2018-10-09,1.12,1,121
6628029,A Gardener's Room,4995430,Dave & Andrée,NewBrunswick,Hillsborough,45.91816,-64.64286,Private room,90,2,216,2019-09-02,2.86,1,362
6634486,Dune Cabin-Acadian Peninsula - Baie des Chaleurs,30404897,Gisele,NewBrunswick,Shippagan,47.9876,-64.53674,Entire home/apt,80,7,35,2015-08-29,0.46,2,152
6835917,Beautiful historic home downtown all to yourself!,17684921,Brian,NewBrunswick,Fredericton,45.95941,-66.64914,Entire home/apt,500,7,77,2020-03-01,1.44,1,362
6953485,Fredericton 5 bedrm sleeps 12 $595.00/nt RiverView,27531003,Shaune,NewBrunswick,Douglas,45.97911,-66.73136,Entire home/apt,595,4,9,2021-08-30,0.12,3,364
7004476,Riverside Retreat in Poley Mountain,36719854,Ken,NewBrunswick,Waterford,45.6819,-65.37001,Entire home/apt,200,4,16,2019-07-02,0.23,1,211
7053089,Private & clean 2 bedroom w/laundry,55189660,Megan,NewBrunswick,Fredericton,45.9522,-66.64448,Entire home/apt,79,1,208,2021-09-04,3.11,3,360
7435061,Riverside Retreat,38947039,Lindsay,NewBrunswick,Kent,46.59442,-67.72127,Entire home/apt,125,1,182,2020-01-29,2.79,1,87
7500113,The Russell's Guest House,39285562,Vaneesa,NewBrunswick,Grand Manan,44.62293,-66.72363,Entire home/apt,175,3,14,2018-08-03,0.22,1,335
7602647,Cozy Private Apartment,37085454,Chris,NewBrunswick,Fredericton,45.95973,-66.72672,Private room,130,14,77,2019-12-25,1.01,1,52
7686907,Relaxing waterfront cottage,40370720,Linda,NewBrunswick,Richibucto,46.59674,-64.9102,Entire home/apt,250,2,1,2018-07-01,0.02,1,131
7712014,BON RAPPORT QUALITÉ PRIX/GOOD VALUE FOR YOUR MONEY,40513600,Patrice,NewBrunswick,Balmoral,47.98341,-66.40657,Entire home/apt,54,1,206,2019-09-03,2.72,1,0
7801139,Nowak's Own B&B,41061514,Markus,NewBrunswick,Shediac,46.21399,-64.5958,Private room,105,1,12,2020-07-12,0.19,1,358
7873201,Pilgrims Rest 2 B&B,41495201,Susan,NewBrunswick,Sussex,45.68753,-65.51257,Private room,76,1,42,2018-07-16,42,2,362
7873235,Pilgrims Rest B&B,41495201,Susan,NewBrunswick,Sussex,45.68504,-65.51369,Private room,76,1,53,2019-08-26,0.93,2,362
8137800,1750 per week,42972017,Ghada Mekary,NewBrunswick,Dundas,46.32972,-64.68327,Entire home/apt,218,7,13,2018-10-07,0.26,1,358
8200198,Old south home• Vegan•Single room,28966730,Tanya,NewBrunswick,Fredericton,45.96445,-66.62423,Private room,75,1,46,2021-09-21,0.74,3,362
8293824,Up River House on the Nashwaak,43730128,Stephany,NewBrunswick,Fredericton,45.99963,-66.57538,Entire home/apt,98,6,5,2021-10-02,0.07,1,358
8336839,The Cottage that Hugs You,42169404,Rod And Victoria,NewBrunswick,Sheffield,45.92656,-66.29617,Entire home/apt,182,2,13,2019-07-18,0.2,1,187
8670729,Lexie's Landing,27150283,Lisa,NewBrunswick,Moncton,46.09895,-64.71844,Private room,60,2,79,2019-08-20,1.24,1,309
8987873,Cottage by the sea / Chalet bord de mer,24129438,Sylvie And Daniel,NewBrunswick,Shippagan,47.7432,-64.76845,Entire home/apt,170,7,14,2021-07-18,0.23,1,76
9031669,Beautiful Renovated Home Fundy Bay,47141908,Susan,NewBrunswick,Saint George,45.05131,-66.87018,Entire home/apt,119,4,60,2018-05-25,1.53,4,294
9101215,One Princess ~ Bachelor Apartment #3,47446936,One Princess,NewBrunswick,City of Saint John,45.27302,-66.06316,Entire home/apt,149,2,122,2019-08-13,1.98,3,178
9307587,Lord Edward Room,6772314,Dwight & Cheryl,NewBrunswick,City of Saint John,45.2735,-66.05298,Private room,95,1,176,2021-10-12,89.49,10,339
9683127,3 BRM Modern Open Concept Duplex with Central A/C,50017803,Dan,NewBrunswick,Moncton,46.09927,-64.7913,Entire home/apt,129,1,76,2019-07-15,1.07,2,112
9859616,Welcome - Fully furnished 2 bedroom apartment,50749214,Crystal,NewBrunswick,Fredericton,45.96597,-66.62407,Entire home/apt,89,2,132,2021-10-02,2.44,1,337
10282546,Cottage on Court St,51689853,Anne,NewBrunswick,Grand Falls Town,47.04515,-67.73971,Entire home/apt,175,1,114,2019-10-07,1.79,2,270
10409845,Cozy bedroom on Washington st.,20990553,Mylène & Dominique,NewBrunswick,Moncton,46.10719,-64.77043,Private room,50,1,162,2019-08-17,2.31,1,57
10549820,Gite - Le Ch'ti Gite Bathurst,3200436,Christophe,NewBrunswick,Beresford,47.76642,-65.7167,Entire home/apt,85,1,56,2020-01-19,0.88,1,301
10607122,Sweet modern bachelor apartment,50511831,Historica,NewBrunswick,City of Saint John,45.27238,-66.06317,Entire home/apt,105,6,120,2019-09-26,1.76,8,47
10846927,Country setting close to downtown living #2,56180210,Cheryl,NewBrunswick,Coverdale,46.06683,-64.74182,Private room,42,1,46,2019-09-17,1.6,1,270
11080838,"Bachelor Suites, Queen Bed",6540753,Chipman Hill Suites,NewBrunswick,City of Saint John,45.27364,-66.06291,Private room,205,1,12,2019-07-01,0.23,8,301
11165175,Grand Lake Private Beachfront,58075626,Corey,NewBrunswick,Waterborough,45.96655,-65.99916,Entire home/apt,150,3,47,2017-06-15,1.17,1,0
11209805,Lightkeeper's Cottage: Bay of Fundy,58382426,Kim,NewBrunswick,Saint Martins,45.35862,-65.53395,Entire home/apt,160,2,140,2021-10-14,2.8,2,109
11268769,Restored Victorian Suite,6540753,Chipman Hill Suites,NewBrunswick,City of Saint John,45.2747,-66.0633,Private room,199,1,28,2019-10-06,1.08,8,301
11268777,Cozy 31ft camper on Atlantic Ocean,58779834,Fannie,NewBrunswick,Beresford,47.85422,-65.76446,Entire home/apt,95,7,79,2019-08-29,1.48,2,0
11448207,Water front summer cottage in Shediac,44180284,Luc,NewBrunswick,Shediac,46.22756,-64.52961,Entire home/apt,170,7,0,,,2,364
11461344,Montague Hall,60278600,Ken & Amanda,NewBrunswick,Saint Andrews,45.07702,-67.05398,Entire home/apt,150,2,6,2018-09-30,0.09,2,320
11610017,A la Belle Etoile,61457598,Stella,NewBrunswick,Grimmer,47.64499,-67.35582,Entire home/apt,75,1,48,2019-07-22,0.76,1,365
11641558,Million Dollar View,61722341,Todd & Jessica,NewBrunswick,Saint David,45.22706,-67.17808,Entire home/apt,195,3,12,2017-12-14,0.3,1,92
11690143,Fully renovated cottage in Shediac,62110021,Isabelle,NewBrunswick,Dundas,46.306,-64.5406,Entire home/apt,210,3,39,2016-07-06,0.61,1,150
11768875,Cottage Chic Annex - Private Downtown Waterfront,10898681,Janis,NewBrunswick,Saint Andrews,45.07393,-67.05364,Entire home/apt,182,2,106,2021-08-25,2.6,2,307
11789043,Beautiful Waterfront Rental,62784260,Danielle,NewBrunswick,Dundas,46.34849,-64.61245,Entire home/apt,175,4,36,2018-05-26,0.69,1,119
11859312,Simplement Chouette! (N.-B.),63213456,Sylvie Et Gordon,NewBrunswick,Colborne,47.96196,-66.16601,Entire home/apt,89,5,92,2018-10-21,1.43,2,107
11885501,"Professional Home, Country Setting",63377885,John,NewBrunswick,Norton,45.56746,-65.80302,Entire home/apt,300,2,20,2018-08-07,0.39,1,186
11887721,Bachelor on a Budget,6540753,Chipman Hill Suites,NewBrunswick,City of Saint John,45.27876,-66.06006,Entire home/apt,165,1,144,2019-09-21,2.24,8,301
11910245,"A.N.D. Ecovillage, we are an off-grid homestead",63538612,Darius,NewBrunswick,Brighton,46.42057,-67.35478,Private room,100,1,1,2021-09-04,0.54,2,178
11928058,Lakeside Retreat 3bdr Private House,45404734,Catherine,NewBrunswick,Saint George,45.18653,-66.77746,Entire home/apt,400,1,64,2021-09-19,1,1,362
11958846,"Skyline Resort - Pool, Hot tub & Tiki Hut! Blue Kg",16489649,Francis,NewBrunswick,Fredericton,45.93816,-66.64009,Private room,110,1,49,2021-09-12,1,2,169
3781,HARBORSIDE-Walk to subway,4804,Frank,Boston,East Boston,42.36413,-71.02991,Entire home/apt,125,32,21,2021-07-25,0.29,1,82
5506,** Private! Minutes to center!**,8229,Terry,Boston,Roxbury,42.32844,-71.09581,Entire home/apt,124,3,109,2021-10-01,0.9,10,51
6695,Home Away from Home! Condo,8229,Terry,Boston,Roxbury,42.32802,-71.09387,Entire home/apt,164,3,116,2021-10-12,1.33,10,47
8789,Curved Glass Studio/1bd facing Park,26988,Anne,Boston,Beacon Hill,42.35867,-71.06307,Entire home/apt,110,91,25,2019-09-30,0.3,6,340
10730,Bright 1bed facing Golden Dome,26988,Anne,Boston,Downtown,42.35906,-71.06271,Entire home/apt,100,91,32,2020-04-16,0.4,6,307
10813,"Back Bay Apt-blocks to subway, Newbury St, The Pru",38997,Michelle,Boston,Back Bay,42.35061,-71.08787,Entire home/apt,116,29,5,2020-12-02,0.16,11,345
10986,North End (Waterfront area)  CLOSE TO MGH & SUBWAY,38997,Michelle,Boston,North End,42.36377,-71.05206,Entire home/apt,106,33,2,2016-05-23,0.03,11,353
13247,Back Bay studio apartment,51637,Susan,Boston,Back Bay,42.35164,-71.08752,Entire home/apt,75,91,0,,,2,0
16384,Small Room in Cambridge Kendall MIT,23078,Eric,Boston,Beacon Hill,42.35956,-71.0698,Private room,50,91,0,,,1,365
18711,The Dorset Redline | 3BR 1BA | Short walk to Redline for Mass General and UMass!,71783,Lance,Boston,Dorchester,42.32212,-71.06096,Entire home/apt,111,30,52,2019-10-05,0.94,28,283
22354,COPLEY SQ...19TH C.TWNHSE SUNNY RM,85770,Robert,Boston,South End,42.34487,-71.07441,Private room,148,29,315,2019-11-04,3.02,4,89
29765,"Luxury suite, Moroccan furnishings",128280,Elizabeth,Boston,Charlestown,42.37754,-71.06642,Entire home/apt,230,2,97,2021-09-27,0.72,1,22
40601,Private room & bath - Jamaica Plain,174986,Robert,Boston,Jamaica Plain,42.31347,-71.11082,Private room,100,10,83,2021-10-10,0.72,1,141
45987,Gorgeous Garden Studio Charlestown,205107,Atef,Boston,Charlestown,42.37424,-71.06081,Entire home/apt,125,29,131,2021-09-06,0.97,1,29
47521,Beautiful big Victorian House/A,119019,Hermina,Boston,Dorchester,42.29871,-71.05954,Private room,55,91,331,2019-04-13,2.46,6,365
60029,Room in geographical heart of Hub,255183,Michelle,Boston,Roxbury,42.32546,-71.08894,Private room,80,7,142,2021-08-28,1.23,5,106
67774,Corner 1 bed facing Golden Dome,26988,Anne,Boston,Downtown,42.35689,-71.06206,Entire home/apt,90,91,46,2021-08-18,0.97,6,208
69369,Entire two-bedroom apartment near Longwood,255183,Michelle,Boston,Roxbury,42.32546,-71.08894,Entire home/apt,100,28,120,2019-11-09,0.97,5,82
77681,Waterfall Room: Bunker Hill B&B,416912,Christiane,Boston,Charlestown,42.37865,-71.06373,Private room,140,2,57,2021-10-03,2.35,1,356
77691,Beautiful Victorian House,119019,Hermina,Boston,Dorchester,42.29871,-71.05954,Private room,300,91,282,2019-05-26,2.89,6,139
163941,2 bed Duplex ApT! Location!,8229,Terry,Boston,Roxbury,42.32806,-71.09423,Entire home/apt,218,3,233,2021-10-10,2.33,10,45
179244,Beautiful room with private bath,119019,Hermina,Boston,Dorchester,42.29871,-71.05954,Private room,65,3,93,2018-08-03,0.8,6,321
179245,Room in Beautiful Townhouse /F,119019,Hermina,Boston,Dorchester,42.29871,-71.05954,Private room,65,3,47,2019-05-26,0.41,6,291
182613,Great 2BR in Boston near everything w free parking,875739,Max,Boston,Charlestown,42.37739,-71.06199,Entire home/apt,199,91,108,2021-05-05,1.44,1,0
190170,In-Law Suite w/Room to Spare :-),841314,Fanny & Candice,Boston,Dorchester,42.30953,-71.0706,Entire home/apt,49,7,73,2021-01-16,1.87,1,189
197727,"Great Boston neighborhood , Jamaica Plain",964356,Jill,Boston,Jamaica Plain,42.31331,-71.12061,Private room,60,30,50,2021-08-14,0.45,1,119
197972,Serene Studio in a Perfect Location,965697,Chris & Kristina,Boston,Jamaica Plain,42.31533,-71.11025,Entire home/apt,140,3,412,2021-10-04,3.72,2,112
205894,Beautiful Victorian House/Room B,119019,Hermina,Boston,Dorchester,42.29871,-71.05954,Private room,60,91,204,2019-05-26,1.75,6,320
210097,Treetop Haven in the City,1035747,Maria Elena,Boston,Jamaica Plain,42.31685,-71.10867,Entire home/apt,102,3,219,2021-09-02,2.41,1,238
220676,Private room off the Freedom Trail.,1144302,Howard,Boston,North End,42.36614,-71.05226,Private room,151,3,258,2021-09-26,2.31,1,24
257588,BOSTON LUXURY FOR LESS!! NEAR BCEC,1355344,Meri,Boston,South Boston,42.33255,-71.04125,Entire home/apt,243,2,370,2021-10-18,3.78,1,214
315982,Beautiful Two BR & Two Bathroom Townhouse,119019,Hermina,Boston,Dorchester,42.29871,-71.05954,Entire home/apt,165,91,114,2019-08-11,1.03,6,320
400067,Private Room in Spacious Apartment1,1997048,ToRena,Boston,Dorchester,42.30066,-71.08207,Private room,60,91,24,2019-08-21,0.24,4,363
447826,"Sweet Little House in JP, Boston",2053557,Hilary,Boston,Jamaica Plain,42.31658,-71.11012,Private room,71,3,331,2021-10-15,3.3,1,213
496022,"Private Floor, Private Bath, City Location",1956464,Maria,Boston,Jamaica Plain,42.31062,-71.1176,Private room,173,91,16,2016-06-26,0.19,1,0
507525,"Great location, sunny 1-bedroom!",2501324,Guy,Boston,Bay Village,42.34914,-71.06781,Entire home/apt,65,180,9,2013-07-01,0.09,1,0
526970,BACK BAY/COPLEY FIRST FLOOR ROOM,85770,Robert,Boston,South End,42.34491,-71.07368,Private room,148,29,175,2019-10-31,2.65,4,89
530983,The Grand View Redline | 5BR 2BA | Victorian Home near Boston Medical and Mass General!,71783,Lance,Boston,Dorchester,42.31368,-71.0612,Entire home/apt,179,30,67,2019-10-29,1.06,28,80
533152,The Penthouse w/Central AC | 2BR 1BA w/En-Suite HdTV's! | Short walk to the Redline for UMass and Mass General!,71783,Lance,Boston,Dorchester,42.32212,-71.06096,Entire home/apt,101,30,57,2021-06-27,1.02,28,346
561769,The Sky View w/AC | 3BR 1BA w/En-Suite HdTV's | Short Walk to Redline for Mass General and Boston Medical!,71783,Lance,Boston,Dorchester,42.31371,-71.06126,Entire home/apt,101,30,62,2021-05-16,0.71,28,323
568234,Oasis in Boston's Hippest Neighborhood,2796082,Margaret,Boston,Jamaica Plain,42.3036,-71.10539,Private room,121,1,288,2021-09-28,2.55,2,316
570493,"2 Bedrms, 2 Priv Bath&Priv Entrance",914630,Bill,Boston,Dorchester,42.28834,-71.05505,Private room,175,3,94,2019-10-27,0.96,1,78
583255,"Boston Beauty, Walk to C and B line",306407,Valery,Boston,Brighton,42.34096,-71.14647,Entire home/apt,149,91,12,2017-07-05,0.11,1,0
601763,"The Alameda 2 w/AC | 2BR 1BA w/En-Suite HdTV's | Short walk to train, shops and near Faulkner!",71783,Lance,Boston,West Roxbury,42.29192,-71.15407,Entire home/apt,103,30,39,2021-08-14,0.75,28,141
611081,Houseboat in Boston Harbor,3029783,Deborah,Boston,Charlestown,42.37579,-71.04981,Entire home/apt,269,2,51,2021-10-03,1.3,3,344
619142,Getaway in Historic Charlestown,501427,Joe,Boston,Charlestown,42.37828,-71.06411,Entire home/apt,175,91,168,2019-10-18,1.93,1,365
646087,1 Bed in Charming Southie Townhouse near BCEC,3236611,Ingrid,Boston,South Boston,42.33451,-71.04983,Private room,190,1,7,2017-09-28,0.19,1,154
708802,Boston / Charlestown Apartment,3648427,Gerard  And Marie,Boston,Charlestown,42.37926,-71.06364,Entire home/apt,200,2,374,2020-01-13,3.43,1,192
743211,Unique Find: At Home in the City!,2796082,Margaret,Boston,Jamaica Plain,42.30702,-71.11283,Entire home/apt,571,29,70,2020-10-05,0.93,2,326
743759,AVAILABLE NOW: Private room & shared bath,7969,Carolyn,Boston,Roslindale,42.29239,-71.13193,Private room,25,91,5,2019-09-30,0.05,2,353
750438,"Private room, 7 min to subway, verdant & peaceful",3945438,Lisa,Boston,Jamaica Plain,42.30733,-71.11129,Private room,70,2,211,2021-10-14,2.31,1,17
753446,6 miles away from downtown Boston!,3962517,Sami,Boston,Roslindale,42.28573,-71.12334,Private room,55,91,142,2019-07-27,1.92,1,365
766700,"Little Italy, Historic, Freedom Trail, TD Garden",3637081,Jason Or Jose,Boston,North End,42.3657,-71.05618,Entire home/apt,240,1,531,2021-10-15,5.22,8,65
801680,*Cool Space* BOSTONS BEST!!* Minutes to Center*,8229,Terry,Boston,Roxbury,42.32795,-71.09412,Entire home/apt,177,3,57,2020-03-30,0.53,10,46
815639,"Little Italy, Historic, Freedom Trail, TD Garden",3637081,Jason Or Jose,Boston,North End,42.36695,-71.05601,Entire home/apt,217,1,627,2021-10-17,6.6,8,60
820073,"Modern Loft, 1700 SqFt. Location!",1911807,Kelly & Chris,Boston,Downtown,42.3558,-71.06104,Entire home/apt,425,6,78,2020-03-03,1.06,2,15
826706,Private Room in Spacious Apartment3,1997048,ToRena,Boston,Dorchester,42.29962,-71.08212,Private room,79,91,7,2015-09-02,0.08,4,364
839265,Private Room in Spacious Apartment2,1997048,ToRena,Boston,Dorchester,42.29961,-71.07781,Private room,61,91,26,2019-09-30,0.25,4,363
863788,"Roof deck-city views. Walk everywhere! 2BR, 2 bath",775932,Andy & Daljit,Boston,South End,42.3451,-71.0715,Entire home/apt,425,3,12,2021-10-12,0.12,1,3
891661,GORGEOUS WATER FRT NORTH END STUDIO,4737456,Paolo,Boston,North End,42.3665,-71.05296,Entire home/apt,125,2,474,2021-10-14,4.73,1,99
894539,Private room in house,4762495,Jennifer,Boston,Roslindale,42.29017,-71.13169,Private room,90,30,62,2021-07-20,0.95,1,292
916123,"Little Italy Historic, Freedom Trail, TD Garden",3637081,Jason Or Jose,Boston,North End,42.36541,-71.05404,Entire home/apt,233,1,619,2021-10-18,6.19,8,61
973695,Perfect Central Location Sleeps 1-4,1760577,Claire,Boston,Downtown,42.35888,-71.06032,Entire home/apt,257,91,60,2019-11-03,0.69,1,365
989163,"The Dalton Apartment at The Upton, South End",5430185,Laura And Olivia,Boston,South End,42.34308,-71.07316,Entire home/apt,216,1,60,2021-08-16,1.57,7,32
1038465,HANCOCK TOWER/COPLEY ROOM,85770,Robert,Boston,South End,42.34575,-71.07285,Private room,136,29,257,2019-12-07,2.59,4,89
1042420,"Easy access to Airport, Downtown, Seaport. Fenway",5715872,Charlotte,Boston,East Boston,42.38497,-71.01827,Entire home/apt,174,2,87,2018-10-21,0.88,1,354
1055627,Spacious 1 bdrm in Beacon Hill,4299002,Lauren,Boston,Downtown,42.36194,-71.06256,Entire home/apt,160,91,8,2018-09-09,0.08,2,0
1071235,Cozy JP Studio-Great Location!,965697,Chris & Kristina,Boston,Jamaica Plain,42.31653,-71.11049,Entire home/apt,94,2,327,2020-03-17,3.76,2,0
1077105,"Studio Apt. for Rent in South End,",5927277,J,Boston,South End,42.34022,-71.075,Entire home/apt,176,91,0,,,1,0
1092093,Duplex Penthouse in Longwood Area,26988,Anne,Boston,Mission Hill,42.33287,-71.10191,Entire home/apt,125,91,32,2019-05-18,0.44,6,364
1109224,4 bedroom Victorian Condo unit,1531239,Lita,Boston,Jamaica Plain,42.32031,-71.1129,Entire home/apt,448,2,79,2021-10-10,1.27,1,282
1128894,Victorian charm in the city,6103425,Steve,Boston,Dorchester,42.30347,-71.06409,Private room,38,91,194,2019-08-11,3.1,1,321
1167987,Long-term Rental: Single Room/Sh Bath/No Cooking,7969,Carolyn,Boston,Roslindale,42.2941,-71.13141,Private room,26,91,8,2019-04-13,0.08,2,173
1252489,Beacon Hill 1-Bed,6824319,Samantha,Boston,Beacon Hill,42.35977,-71.06774,Entire home/apt,207,91,65,2017-08-28,0.82,1,0
1275498,"The Washington Apartment at The Upton, South End",5430185,Laura And Olivia,Boston,South End,42.34294,-71.07304,Entire home/apt,226,1,63,2021-10-03,0.74,7,44
1303261,Historic Beacon Hill,2120816,Larry,Boston,Beacon Hill,42.35714,-71.06968,Entire home/apt,425,91,23,2018-10-25,0.24,1,358
1321422,Barney's Master Bedroom T Downtown,6608084,CarneyFamily,Boston,Dorchester,42.30907,-71.04674,Private room,43,1,580,2020-03-16,5.87,1,0
1374434,"Authentic Boston, cozy room",255183,Michelle,Boston,Roxbury,42.32546,-71.08894,Private room,65,28,41,2020-03-31,0.42,5,208
1374466,"Real Boston, off the beaten track",255183,Michelle,Boston,Roxbury,42.32546,-71.08894,Private room,67,28,38,2019-12-31,0.51,5,204
1403408,Big Boston room,255183,Michelle,Boston,Roxbury,42.32546,-71.08894,Private room,75,28,19,2020-07-16,0.19,5,197
1425973,Historic brick Victorian row house,1015632,Viktoria,Boston,South End,42.34164,-71.07964,Private room,350,2,26,2021-10-03,0.64,1,37
1445064,Bright Sunlit bedroom near Spaulding/Downtown,4724006,Rosalia,Boston,Charlestown,42.38017,-71.06236,Private room,46,29,108,2021-08-08,2.57,1,161
1454258,Inviting Queen Anne Victorian,7799789,Bruce,Boston,Dorchester,42.30835,-71.04654,Private room,80,29,311,2019-10-19,3.13,3,365
1510876,Room with Sleeper Sofa Bed,7799789,Bruce,Boston,Dorchester,42.30818,-71.04784,Private room,60,29,45,2019-08-09,0.59,3,365
1541166,Beautiful Studio 15 min to Downtown,552418,Vanya,Boston,Charlestown,42.38324,-71.07852,Entire home/apt,118,2,41,2021-07-04,0.46,1,39
1544144,Charming Historic Home in Charlestown,7353037,Nancy And Tom,Boston,Charlestown,42.37243,-71.06349,Entire home/apt,350,3,27,2021-10-11,0.99,1,209
1545185,"Large 1 Bed, Kitchen & Bath w/ Off Street Parking",697401,Nick,Boston,Brighton,42.34873,-71.15693,Entire home/apt,141,1,153,2021-10-18,2.08,3,224
1551205,2 bed/2 bath in the heart of Boston,8261931,Hamed,Boston,Fenway,42.34175,-71.08359,Entire home/apt,415,91,43,2016-10-21,0.44,1,364
1596470,3-story Luxury in Central Location,480310,Michael,Boston,Bay Village,42.34988,-71.06918,Entire home/apt,275,29,141,2021-05-02,2.26,1,133
1644031,Large Private Bedroom & Bathroom by the Seaport,79583794,Joshua,Boston,South Boston,42.33835,-71.0472,Private room,100,1,300,2021-10-17,4.77,1,3
1668313,Room in Rozzie-Twin Bed-Full Bath,8834105,Rebecca,Boston,Roslindale,42.28132,-71.13377,Private room,58,29,37,2020-07-01,1.01,2,0
1677807,"Sunny, welcoming 2 - bedroom condo in Boston",4192881,Julia,Boston,Brighton,42.35103,-71.17252,Entire home/apt,100,3,47,2020-03-08,0.48,1,110
1682936,Charming 2 level Apartment,8898973,Adriana & Gianni,Boston,Roxbury,42.32382,-71.09641,Entire home/apt,120,30,232,2020-11-28,2.59,2,340
1692573,Urban oasis trendy JP 'hood - suite,8814724,Kelly,Boston,Jamaica Plain,42.31293,-71.11527,Entire home/apt,145,2,228,2021-10-04,2.94,1,308
1721016,Quiet Sunlit Attic Studio,7723912,Fj,Boston,Roslindale,42.28639,-71.13199,Entire home/apt,81,30,7,2016-10-24,0.11,2,336
1724900,Charming sunlit house in Boston,7723912,Fj,Boston,Roslindale,42.28447,-71.13301,Entire home/apt,160,29,44,2019-10-28,0.45,2,322
1732804,king sized bed/ Private room in a spacious condo,9090219,Thomas,Boston,Dorchester,42.29009,-71.05762,Private room,65,1,132,2021-10-17,1.53,1,314
1810172,Room for 2 in Rozzie - Full Bath,8834105,Rebecca,Boston,Roslindale,42.28127,-71.13304,Private room,69,29,40,2021-08-03,0.46,2,317
1810397,3Bed/2.5Bath Luxury Triplex South End's Union Park,9485021,Stacy,Boston,South End,42.34279,-71.0711,Entire home/apt,890,4,44,2021-10-13,0.5,1,339
